[
    {
        "name": "Kiến Trúc",
        "image_name": "architecture",
        "filter": "Architecture",
        "type": "normal"
    },
    {
        "name": "Hội Họa & Văn Hóa",
        "image_name": "art",
        "filter": "Art & Culture",
        "type": "normal"
    },
    {
        "name": "Sinh học",
        "image_name": "biology",
        "filter": "Biology & Life Sciences",
        "type": "normal"
    },
    {
        "name": "Quản Trị Kinh Doanh",
        "image_name": "business",
        "filter": "Business & Management",
        "type": "popular"
    },
    {
        "name": "Hóa Học",
        "image_name": "chemistry",
        "filter": "Chemistry",
        "type": "normal"
    },
    {
        "name": "Truyền Thông",
        "image_name": "communication",
        "filter": "Communication",
        "type": "normal"
    },
    {
        "name": "Công Nghệ Thông Tin",
        "image_name": "computer_science",
        "filter": "Computer Science",
        "type": "popular"
    },
    {
        "name": "Phân Tích Dữ Liệu & Thống Kê",
        "image_name": "data_science",
        "filter": "Data Analysis & Statistics",
        "type": "popular"
    },
    {
        "name": "Thiết Kế",
        "image_name": "design",
        "filter": "Design",
        "type": "normal"
    },
    {
        "name": "Kinh Tế & Tài Chính",
        "image_name": "economics_finance",
        "filter": "Economics & Finance",
        "type": "normal"
    },
    {
        "name": "Giáo Dục & Rèn Luyện Giáo Viên",
        "image_name": "education",
        "filter": "Education & Teacher Training",
        "type": "normal"
    },
    {
        "name": "Điện Tử",
        "image_name": "electronics",
        "filter": "Electronics",
        "type": "normal"
    },
    {
        "name": "Khoa Học Năng Lượng & Trái Đất",
        "image_name": "energy",
        "filter": "Energy & Earth Sciences",
        "type": "normal"
    },
    {
        "name": "Kĩ Sư",
        "image_name": "engineering",
        "filter": "Engineering",
        "type": "normal"
    },
    {
        "name": "Môi Trường Học",
        "image_name": "environmental_studies",
        "filter": "Environmental Studies",
        "type": "normal"
    },
    {
        "name": "Đạo Đức",
        "image_name": "ethics",
        "filter": "Ethics",
        "type": "normal"
    },
    {
        "name": "Thức Ăn & Dinh Dưỡng",
        "image_name": "food_nutrition",
        "filter": "Food & Nutrition",
        "type": "normal"
    },
    {
        "name": "Sức Khỏe & An Toàn",
        "image_name": "health",
        "filter": "Health & Safety",
        "type": "normal"
    },
    {
        "name": "Lịch Sử",
        "image_name": "history",
        "filter": "History",
        "type": "normal"
    },
    {
        "name": "Xã Hội",
        "image_name": "humanities",
        "filter": "Humanities",
        "type": "popular"
    },
    {
        "name": "Ngoại Ngữ",
        "image_name": "language",
        "filter": "Language",
        "type": "popular"
    },
    {
        "name": "Luật",
        "image_name": "law",
        "filter": "Law",
        "type": "normal"
    },
    {
        "name": "Văn Học",
        "image_name": "literature",
        "filter": "Literature",
        "type": "normal"
    },
    {
        "name": "Toán",
        "image_name": "math",
        "filter": "Math",
        "type": "normal"
    },
    {
        "name": "Y Học",
        "image_name": "medicine",
        "filter": "Medicine",
        "type": "normal"
    },
    {
        "name": "Âm Nhạc",
        "image_name": "music",
        "filter": "Music",
        "type": "normal"
    },
    {
        "name": "Lý Luận & Đạo Đức",
        "image_name": "philosophy_ethics",
        "filter": "Philosophy & Ethics",
        "type": "normal"
    },
    {
        "name": "Vật Lý",
        "image_name": "physics",
        "filter": "Physics",
        "type": "normal"
    },
    {
        "name": "Khoa Học",
        "image_name": "science",
        "filter": "Science",
        "type": "normal"
    },
    {
        "name": "Khoa Học Xã Hội",
        "image_name": "social_sciences",
        "filter": "Social Sciences",
        "type": "normal"
    }
]
