{
    "fields":[
    {
              "name" : "account_privacy",
              "label" : "Outros alunos podem ver meu:",
              "type" : "switch",
              "data_type" : "boolean",
              "options" : {
                "values" : [
                            { "name" : "Perfil completo", "value" : "all_users" },
                            { "name" : "Perfil limitado",  "value" : "private" }
                 ]
              },
              "instructions" : "Um perfil limitado compartilha somente seu nome de usuário e foto do perfil.",
              "accessibility_hint" : "Altere que informação é compartilhada com outros."
    },
    {
              "name" : "year_of_birth",
              "label" : "Ano de nascimento",
              "type" : "select",
              "options" : {
                "range_min" : 1896,
                "range_max" : 2019,
                "allows_none" : true,
                "none_label" : "Sem ano de nascimento"
              },
              "instructions" : "Você deve especificar seu ano de nascimento antes que você possa compartilhar seu perfil completo.",
              "sub_instructions" : "Esta informação não será exibida publicamente"
    },
    {
              "name" : "country",
              "label" : "Localização",
              "type" : "select",
              "data_type" : "country",
              "options" : {
                "reference" : "countries",
                "allows_none" : true,
                "none_label" : "Sem localização"
              }
    },
    {
              "name" : "language_proficiencies",
              "label" : "Idioma principal",
              "type" : "select",
              "data_type" : "language",
              "options" : {
                "reference" : "languages",
                "allows_none" : true,
                "none_label" : "Sem idioma principal"
              }
    },
    {
              "name" : "bio",
              "label" : "Sobre mim",
              "type" : "textarea",
              "placeholder" : "Eu gostaria de aprender..."
    }
    ]
}
