{
    "fields":[
    {
              "name" : "account_privacy",
              "label" : "Diğer öğrenciler şunları görebilir:",
              "type" : "switch",
              "data_type" : "boolean",
              "options" : {
                "values" : [
                            { "name" : "Tam Profil", "value" : "all_users" },
                            { "name" : "Kısıtlı Profil",  "value" : "private" }
                 ]
              },
              "instructions" : "Kısıtlandırılmış profil sadece sizin kullanıcı adınızı ve profil fotoğrafınızı paylaşır.",
              "accessibility_hint" : "Diğerleriyle hangi bilgilerin paylaştırılacağını belirleyin."
    },
    {
              "name" : "year_of_birth",
              "label" : "Doğum yılı",
              "type" : "select",
              "options" : {
                "range_min" : 1896,
                "range_max" : 2019,
                "allows_none" : true,
                "none_label" : "Doğum yılı yok"
              },
              "instructions" : "Profilini başkalarıyla paylaşmadan önce doğum tarihini belirlemiş olman gerekli.",
              "sub_instructions" : "Bu herkese gösterilmeyecek."
    },
    {
              "name" : "country",
              "label" : "Konum",
              "type" : "select",
              "data_type" : "country",
              "options" : {
                "reference" : "countries",
                "allows_none" : true,
                "none_label" : "Konum yok"
              }
    },
    {
              "name" : "language_proficiencies",
              "label" : "Tercih edilen dil",
              "type" : "select",
              "data_type" : "language",
              "options" : {
                "reference" : "languages",
                "allows_none" : true,
                "none_label" : "Tercih edilen dil yok"
              }
    },
    {
              "name" : "bio",
              "label" : "Hakkımda",
              "type" : "textarea",
              "placeholder" : "Ben bunları öğrenmek isterdim..."
    }
    ]
}
